<Response>
<Result><Decision>Deny</Decision><Status><StatusCode Value="urn:oasis:names:tc:xacml:1.0:status:ok"/></Status><Attributes Category="urn:oasis:names:tc:xacml:3.0:attribute-category:action"><Attribute AttributeId="urn:oasis:names:tc:xacml:1.0:action:action-id" IncludeInResult="true">
<AttributeValue DataType="http://www.w3.org/2001/XMLSchema#string">playDocumental</AttributeValue></Attribute>
</Attributes><Attributes Category="urn:oasis:names:tc:xacml:3.0:attribute-category:resource"><Attribute AttributeId="urn:oasis:names:tc:xacml:1.0:resource:resource-id" IncludeInResult="true">
<AttributeValue DataType="http://www.w3.org/2001/XMLSchema#string">urn:bbc:mdocum:Planets.mp4</AttributeValue></Attribute>
</Attributes><Attributes Category="urn:oasis:names:tc:xacml:1.0:subject-category:access-subject"><Attribute AttributeId="subject-id" IncludeInResult="true">
<AttributeValue DataType="http://www.w3.org/2001/XMLSchema#string">silvia.llorente@upc.edu</AttributeValue></Attribute>
</Attributes></Result></Response>
