<?xml version="1.0" encoding="UTF-8"?>
<Request xmlns="urn:oasis:names:tc:xacml:3.0:core:schema:wd-17"
  xmlns:xsi="http://www.w3.org/2001/XMLSchema-instance"
  xsi:schemaLocation="urn:oasis:names:tc:xacml:3.0:core:schema:wd-17 http://docs.oasis-open.org/xacml/3.0/xacml-core-v3-schema-wd-17.xsd"
  ReturnPolicyIdList="false" CombinedDecision="false">

  <Attributes Category="urn:oasis:names:tc:xacml:1.0:subject-category:access-subject">
    <Attribute AttributeId="urn:oasis:names:tc:xacml:1.0:subject:subject-id" IncludeInResult="true">
      <AttributeValue DataType="http://www.w3.org/2001/XMLSchema#string">bobRay</AttributeValue>
    </Attribute>
  </Attributes>

  <Attributes Category="urn:oasis:names:tc:xacml:3.0:date">
    <Attribute AttributeId="accessDate" IncludeInResult="true">
      <AttributeValue DataType="http://www.w3.org/2001/XMLSchema#date">2021-03-21</AttributeValue>
    </Attribute>
  </Attributes>

  <Attributes Category="urn:oasis:names:tc:xacml:3.0:attribute-category:resource">
    <Attribute AttributeId="urn:oasis:names:tc:xacml:1.0:resource:resource-id"
      IncludeInResult="true">
      <AttributeValue DataType="http://www.w3.org/2001/XMLSchema#string"
        >urn:mvideo:Mavericksv.mp4</AttributeValue>
    </Attribute>
  </Attributes>

  <Attributes Category="urn:oasis:names:tc:xacml:3.0:attribute-category:action">
    <Attribute AttributeId="urn:oasis:names:tc:xacml:1.0:action:action-id" IncludeInResult="true">
      <AttributeValue DataType="http://www.w3.org/2001/XMLSchema#string">play</AttributeValue>
    </Attribute>
  </Attributes>

</Request>
