<?xml version="1.0" encoding="UTF-8"?>
<Policy xmlns="urn:oasis:names:tc:xacml:1.0:policy"
        xmlns:xsi="http://www.w3.org/2001/XMLSchema-instance"
        PolicyId="GeneratedPolicy"
        RuleCombiningAlgId="urn:oasis:names:tc:xacml:1.0:rule-combining-algorithm:ordered-permit-overrides">

  <Description>
    This policy applies to any accounts at users.example.com accessing
    server.example.com. The one Rule applies to the specific action of
    doing a CVS commit, but other Rules could be defined that handled
    other actions. In this case, only certain groups of people are
    allowed to commit. There is a final fall-through rule that always
    returns Deny.
  </Description>

  <Target>
    <Subjects>
      <Subject>
        <SubjectMatch MatchId="urn:oasis:names:tc:xacml:1.0:function:rfc822Name-match">
          <AttributeValue DataType="http://www.w3.org/2001/XMLSchema#string">users.example.com</AttributeValue>
          <SubjectAttributeDesignator DataType="urn:oasis:names:tc:xacml:1.0:data-type:rfc822Name"
                                      AttributeId="urn:oasis:names:tc:xacml:1.0:subject:subject-id"/>
        </SubjectMatch>
      </Subject>
    </Subjects>
    <Resources>
      <Resource>
        <ResourceMatch MatchId="urn:oasis:names:tc:xacml:1.0:function:anyURI-equal">
          <AttributeValue DataType="http://www.w3.org/2001/XMLSchema#anyURI">http://server.example.com/</AttributeValue>
          <ResourceAttributeDesignator DataType="http://www.w3.org/2001/XMLSchema#anyURI"
                                       AttributeId="urn:oasis:names:tc:xacml:1.0:resource:resource-id"/>
        </ResourceMatch>
      </Resource>
    </Resources>
    <Actions>
      <AnyAction/>
    </Actions>
  </Target>

  <Rule RuleId="CommitRule" Effect="Permit">

    <Target>
      <Subjects>
        <AnySubject/>
      </Subjects>
      <Resources>
        <AnyResource/>
      </Resources>
      <Actions>
        <Action>
          <ActionMatch MatchId="urn:oasis:names:tc:xacml:1.0:function:string-equal">
            <AttributeValue DataType="http://www.w3.org/2001/XMLSchema#string">commit</AttributeValue>
            <ActionAttributeDesignator DataType="http://www.w3.org/2001/XMLSchema#string"
                                       AttributeId="urn:oasis:names:tc:xacml:1.0:action:action-id"/>
          </ActionMatch>
        </Action>
      </Actions>
    </Target>

    <Condition FunctionId="urn:oasis:names:tc:xacml:1.0:function:string-equal">
      <Apply FunctionId="urn:oasis:names:tc:xacml:1.0:function:string-one-and-only">
        <SubjectAttributeDesignator DataType="http://www.w3.org/2001/XMLSchema#string"
                                    AttributeId="group"
                                    Issuer="admin@users.example.com"/>
      </Apply>
      <AttributeValue DataType="http://www.w3.org/2001/XMLSchema#string">developers</AttributeValue>
    </Condition>

  </Rule>

  <Rule RuleId="FinalRule" Effect="Deny"/>

</Policy>
