<Policy PolicyId="ExamplePolicy2" 
	RuleCombiningAlgId="urn:oasis:names:tc:xacml:1.0:rule-combining-algorithm:permit-overrides"> 
	<Description> Copia de Pelicula</Description> 
	<Target/> 
	<Rule RuleId="urn:oasis:names:tc:xacml:2.0:ejemplo:RuleBaztan" Effect="Permit"> 
		<Description> Usuario premium pueden hacer 3 copias de pelicula dada en urn:mvideo:Baztan.mp4</Description>
		<Target>
			- <Subjects>
- <Subject>
- <SubjectMatch MatchId="urn:oasis:names:tc:xacml:1.0:function:string-equal">
  <AttributeValue DataType="http://www.w3.org/2001/XMLSchema#string">premium</AttributeValue> 
  <SubjectAttributeDesignator DataType="http://www.w3.org/2001/XMLSchema#string" AttributeId="perfil" /> 
  </SubjectMatch>
  </Subject>
  </Subjects>

			<Resources> 
				<Resource> 
					<ResourceMatch MatchId="urn:oasis:names:tc:xacml:1.0:function:regexp-string-match"> 
						<AttributeValue DataType="http://www.w3.org/2001/XMLSchema#string">urn:mvideo:Baztan.mp4</AttributeValue> 
						<ResourceAttributeDesignator AttributeId="urn:oasis:names:tc:xacml:1.0:resource:resource-id" 
													 DataType="http://www.w3.org/2001/XMLSchema#string"/> 
					</ResourceMatch> 
				</Resource> 
                                
			</Resources> 
			<Actions> 
				<Action> 
					<ActionMatch MatchId="urn:oasis:names:tc:xacml:1.0:function:string-equal"> 
						<AttributeValue DataType="http://www.w3.org/2001/XMLSchema#string">copy</AttributeValue> 
						<ActionAttributeDesignator AttributeId="urn:oasis:names:tc:xacml:1.0:action:action-id" 
												   DataType="http://www.w3.org/2001/XMLSchema#string"/> 
					</ActionMatch> 
				</Action> 
			</Actions> 
		</Target> 
		<Condition FunctionId="urn:oasis:names:tc:xacml:1.0:function:and">
			
			<Apply FunctionId="urn:oasis:names:tc:xacml:1.0:function:integer-less-than">
				<Apply FunctionId="urn:oasis:names:tc:xacml:1.0:function:integer-one-and-only">
					<SubjectAttributeDesignator AttributeId="countCopy" 
												DataType="http://www.w3.org/2001/XMLSchema#integer"/>
				</Apply>
				<AttributeValue DataType="http://www.w3.org/2001/XMLSchema#integer">4</AttributeValue>
			</Apply>
			
		</Condition> 
	</Rule> 
        
        <Rule RuleId="urn:oasis:names:tc:xacml:2.0:lab6:FinalRule" Effect="Deny" /> 

</Policy>