<Policy PolicyId="ExamplePolicy1" 
	RuleCombiningAlgId="urn:oasis:names:tc:xacml:1.0:rule-combining-algorithm:permit-overrides"> 
	<Description> Politica reproduccion video Mavericksv </Description> 
	<Target/> 
	<Rule RuleId="urn:oasis:names:tc:xacml:2.0:ejemplo:RuleMavericksv" Effect="Permit"> 
		<Description> Cualquier usuario puede reproducir la película urn:mvideo: Mavericksv.mp4 antes de final de año </Description>
		<Target>
			<Subjects>
		        <AnySubject/>
		    </Subjects>
			<Resources> 
				<Resource> 
					<ResourceMatch MatchId="urn:oasis:names:tc:xacml:1.0:function:regexp-string-match"> 
						<AttributeValue DataType="http://www.w3.org/2001/XMLSchema#string">urn:mvideo:Mavericksv.mp4</AttributeValue> 
						<ResourceAttributeDesignator AttributeId="urn:oasis:names:tc:xacml:1.0:resource:resource-id" 
													 DataType="http://www.w3.org/2001/XMLSchema#string"/> 
					</ResourceMatch> 
				</Resource> 
			</Resources> 
			<Actions> 
				<Action> 
					<ActionMatch MatchId="urn:oasis:names:tc:xacml:1.0:function:string-equal"> 
						<AttributeValue DataType="http://www.w3.org/2001/XMLSchema#string">play</AttributeValue> 
						<ActionAttributeDesignator AttributeId="urn:oasis:names:tc:xacml:1.0:action:action-id" 
												   DataType="http://www.w3.org/2001/XMLSchema#string"/> 
					</ActionMatch> 
				</Action> 
			</Actions> 
		</Target> 
		<Condition FunctionId="urn:oasis:names:tc:xacml:1.0:function:date-less-than-or-equal">
			<Apply FunctionId="urn:oasis:names:tc:xacml:1.0:function:date-one-and-only">
				<SubjectAttributeDesignator AttributeId="pruebaId" 
											DataType="http://www.w3.org/2001/XMLSchema#date"/>
			</Apply>
			<AttributeValue DataType="http://www.w3.org/2001/XMLSchema#date">2015-01-01</AttributeValue>
		</Condition> 
	</Rule> 
</Policy>