<config xmlns="http://sunxacml.sourceforge.net/schema/config-0.3" 		xmlns:xsi="http://www.w3.org/2001/XMLSchema-instance" 
		defaultPDP="pdp" 
		defaultAttributeFactory="attr" 
		defaultCombiningAlgFactory="comb"
		defaultFunctionFactory="func">
  <pdp name="pdp">
	<attributeFinderModule class="com.sun.xacml.finder.impl.CurrentEnvModule"/>
	<attributeFinderModule class="com.sun.xacml.finder.impl.SelectorModule"/>
	<policyFinderModule class="com.sun.xacml.finder.impl.FilePolicyModule">
		<list>		  
		 <string>support/policy/XACMLPolicy1.xml</string>
		 <string>support/policy/XACMLPolicy2.xml</string>
		 <string>support/policy/XACMLPolicy3.xml</string>
		</list>
	</policyFinderModule>
  </pdp>
  <attributeFactory name="attr" useStandardDatatypes="true"/>
  <combiningAlgFactory name="comb" useStandardAlgorithms="true"/>
</config>
