<?xml version="1.0" encoding="UTF-8"?>
<Request xmlns="urn:oasis:names:tc:xacml:1.0:context"
         xmlns:xsi="http://www.w3.org/2001/XMLSchema-instance">
  <Subject>
      <Attribute AttributeId="urn:oasis:names:tc:xacml:1.0:subject:subject-id"
                 DataType="http://www.w3.org/2001/XMLSchema#string">
        <AttributeValue>bobRay</AttributeValue>
      </Attribute>
      <Attribute AttributeId="urn:oasis:names:tc:xacml:2.0:subject:country"
                 DataType="http://www.w3.org/2001/XMLSchema#string">
        <AttributeValue>Reino Unido</AttributeValue>
      </Attribute>
  </Subject>
   <Resource>
    <Attribute AttributeId="urn:oasis:names:tc:xacml:1.0:resource:resource-id" 
    		   DataType="http://www.w3.org/2001/XMLSchema#string">
      <AttributeValue>urn:bbc:mdocum:Planets.mp4</AttributeValue>
    </Attribute>
  </Resource>
  <Action>
    <Attribute AttributeId="urn:oasis:names:tc:xacml:1.0:action:action-id"
               DataType="http://www.w3.org/2001/XMLSchema#string">
      <AttributeValue>playDocumental</AttributeValue>
    </Attribute>
  </Action>
</Request>
