<Policy xmlns="urn:oasis:names:tc:xacml:3.0:core:schema:wd-17"
	xmlns:xsi="http://www.w3.org/2001/XMLSchema-instance"
	xsi:schemaLocation="urn:oasis:names:tc:xacml:3.0:core:schema:wd-17 http://docs.oasis-open.org/xacml/3.0/xacml-core-v3-schema-wd-17.xsd"
	PolicyId="urn:isdcm:policyid:3"
	RuleCombiningAlgId="urn:oasis:names:tc:xacml:1.0:rule-combining-algorithm:first-applicable"
	Version="1.0">

	<Description> Documental Planets </Description>
	<Target/>
	<Rule RuleId="urn:oasis:names:tc:xacml:2.0:ejemplo:RulePlanets" Effect="Permit">
		<Description>Usuario bsandoval puede acceder a recurso premium de la BBC urn:bbc:mdocum:Planets.mp4</Description>

		<Target>
			<AnyOf>
				<AllOf>
					<!-- Which resource -->
					<Match MatchId="urn:oasis:names:tc:xacml:1.0:function:regexp-string-match">
						<AttributeValue DataType="http://www.w3.org/2001/XMLSchema#string"
							>urn:bbc:mdocum:Planets.mp4</AttributeValue>
						<AttributeDesignator MustBePresent="false"
							Category="urn:oasis:names:tc:xacml:3.0:attribute-category:resource"
							AttributeId="urn:oasis:names:tc:xacml:1.0:resource:resource-id"
							DataType="http://www.w3.org/2001/XMLSchema#string"/>
					</Match>

					<!-- Which action  -->
					<Match MatchId="urn:oasis:names:tc:xacml:1.0:function:string-equal">
						<AttributeValue DataType="http://www.w3.org/2001/XMLSchema#string"
							>playDocumental</AttributeValue>
						<AttributeDesignator MustBePresent="false"
							Category="urn:oasis:names:tc:xacml:3.0:attribute-category:action"
							AttributeId="urn:oasis:names:tc:xacml:1.0:action:action-id"
							DataType="http://www.w3.org/2001/XMLSchema#string"/>
					</Match>

				</AllOf>
			</AnyOf>
		</Target>

		<Condition>
			<Apply FunctionId="urn:oasis:names:tc:xacml:1.0:function:string-equal">
				<Apply FunctionId="urn:oasis:names:tc:xacml:1.0:function:string-one-and-only">
					<AttributeDesignator MustBePresent="false"
						Category="urn:oasis:names:tc:xacml:1.0:subject-category:access-subject" AttributeId="subject-id"
						DataType="http://www.w3.org/2001/XMLSchema#string"/>
				</Apply>
				<AttributeValue DataType="http://www.w3.org/2001/XMLSchema#string">bsandoval@gmail.com</AttributeValue>
			</Apply>
		</Condition>
	</Rule>

	<Rule RuleId="urn:oasis:names:tc:xacml:2.0:lab66:FinalRule" Effect="Deny"/>

</Policy>
