<?xml version="1.0" encoding="UTF-8"?>
<project-private xmlns="http://www.netbeans.org/ns/project-private/1">
    <editor-bookmarks xmlns="http://www.netbeans.org/ns/editor-bookmarks/2" lastBookmarkId="0"/>
    <open-files xmlns="http://www.netbeans.org/ns/projectui-open-files/2">
        <group>
            <file>file:/C:/Users/fiblabs/Documents/NetBeansProjects/balana/src/resources/request/XACMLRequest6.xml</file>
            <file>file:/C:/Users/fiblabs/Documents/NetBeansProjects/balana/src/resources/request/XACMLRequest7.xml</file>
            <file>file:/C:/Users/fiblabs/Documents/NetBeansProjects/balana/src/resources/policy/XACMLPolicy4.xml</file>
            <file>file:/C:/Users/fiblabs/Documents/NetBeansProjects/balana/src/balana/Authorizer.java</file>
        </group>
    </open-files>
</project-private>
